customer_id,event,ts
53,purchase,2024-05-01
64,view,2024-05-01
2,cart,2024-05-01
64,purchase,2024-05-01
38,cart,2024-05-01
41,cart,2024-05-01
50,cart,2024-05-01
23,view,2024-05-01
78,purchase,2024-05-01
5,view,2024-05-01
22,cart,2024-05-01
31,view,2024-05-01
46,view,2024-05-01
33,view,2024-05-01
11,purchase,2024-05-01
4,cart,2024-05-01
1,cart,2024-05-01
4,cart,2024-05-01
12,view,2024-05-01
79,purchase,2024-05-01
16,cart,2024-05-01
52,purchase,2024-05-01
60,purchase,2024-05-01
19,view,2024-05-01
23,view,2024-05-01
35,cart,2024-05-01
21,purchase,2024-05-01
77,purchase,2024-05-01
15,cart,2024-05-01
71,view,2024-05-01
64,purchase,2024-05-01
67,purchase,2024-05-01
10,purchase,2024-05-01
31,cart,2024-05-01
50,view,2024-05-01
39,purchase,2024-05-01
53,view,2024-05-01
54,view,2024-05-01
53,purchase,2024-05-01
5,cart,2024-05-01
76,view,2024-05-01
44,cart,2024-05-01
72,cart,2024-05-01
22,view,2024-05-01
29,view,2024-05-01
70,purchase,2024-05-01
15,cart,2024-05-01
6,purchase,2024-05-01
30,purchase,2024-05-01
54,cart,2024-05-01
10,view,2024-05-01
69,cart,2024-05-01
27,view,2024-05-01
18,purchase,2024-05-01
44,view,2024-05-01
71,cart,2024-05-01
70,view,2024-05-01
69,purchase,2024-05-01
25,cart,2024-05-01
2,cart,2024-05-01
62,purchase,2024-05-01
56,cart,2024-05-01
61,cart,2024-05-01
1,cart,2024-05-01
3,purchase,2024-05-01
40,view,2024-05-01
27,cart,2024-05-01
35,view,2024-05-01
74,purchase,2024-05-01
17,view,2024-05-01
42,cart,2024-05-01
26,view,2024-05-01
24,cart,2024-05-01
64,cart,2024-05-01
13,purchase,2024-05-01
25,cart,2024-05-01
10,view,2024-05-01
12,view,2024-05-01
23,purchase,2024-05-01
56,view,2024-05-01
46,purchase,2024-05-01
36,purchase,2024-05-01
14,view,2024-05-01
64,view,2024-05-01
64,purchase,2024-05-01
19,cart,2024-05-01
5,view,2024-05-01
26,purchase,2024-05-01
12,purchase,2024-05-01
64,view,2024-05-01
42,purchase,2024-05-01
41,cart,2024-05-01
23,view,2024-05-01
41,purchase,2024-05-01
77,purchase,2024-05-01
19,view,2024-05-01
61,view,2024-05-01
2,view,2024-05-01
25,purchase,2024-05-01
74,purchase,2024-05-01
69,purchase,2024-05-01
7,purchase,2024-05-01
67,view,2024-05-01
67,view,2024-05-01
36,cart,2024-05-01
30,cart,2024-05-01
78,view,2024-05-01
76,view,2024-05-01
54,purchase,2024-05-01
32,purchase,2024-05-01
17,view,2024-05-01
74,purchase,2024-05-01
22,view,2024-05-01
44,view,2024-05-01
54,purchase,2024-05-01
19,cart,2024-05-01
25,cart,2024-05-01
59,view,2024-05-01
16,purchase,2024-05-01
54,cart,2024-05-01
75,cart,2024-05-01
55,purchase,2024-05-01
52,purchase,2024-05-01
37,purchase,2024-05-01
77,view,2024-05-01
18,view,2024-05-01
29,cart,2024-05-01
51,view,2024-05-01
52,view,2024-05-01
9,cart,2024-05-01
13,purchase,2024-05-01
55,cart,2024-05-01
67,cart,2024-05-01
51,purchase,2024-05-01
74,purchase,2024-05-01
30,purchase,2024-05-01
27,view,2024-05-01
64,cart,2024-05-01
4,cart,2024-05-01
16,cart,2024-05-01
16,view,2024-05-01
31,view,2024-05-01
13,cart,2024-05-01
64,cart,2024-05-01
67,view,2024-05-01
31,purchase,2024-05-01
3,purchase,2024-05-01
57,cart,2024-05-01
9,purchase,2024-05-01
49,cart,2024-05-01
14,purchase,2024-05-01
75,cart,2024-05-01
54,cart,2024-05-01
79,cart,2024-05-01
49,purchase,2024-05-01
58,purchase,2024-05-01
30,purchase,2024-05-01
64,view,2024-05-01
9,view,2024-05-01
13,view,2024-05-01
29,cart,2024-05-01
57,purchase,2024-05-01
39,purchase,2024-05-01
67,cart,2024-05-01
75,view,2024-05-01
32,purchase,2024-05-01
34,view,2024-05-01
44,view,2024-05-01
51,view,2024-05-01
38,purchase,2024-05-01
48,cart,2024-05-01
76,cart,2024-05-01
58,cart,2024-05-01
26,cart,2024-05-01
34,purchase,2024-05-01
32,purchase,2024-05-01
12,purchase,2024-05-01
1,view,2024-05-01
63,purchase,2024-05-01
34,cart,2024-05-01
28,cart,2024-05-01
50,view,2024-05-01
45,view,2024-05-01
74,cart,2024-05-01
49,view,2024-05-01
73,purchase,2024-05-01
46,purchase,2024-05-01
26,cart,2024-05-01
26,cart,2024-05-01
79,purchase,2024-05-01
47,view,2024-05-01
15,view,2024-05-01
66,view,2024-05-01
66,purchase,2024-05-01
1,cart,2024-05-01
13,purchase,2024-05-01
55,view,2024-05-01
33,purchase,2024-05-01
27,view,2024-05-01
6,view,2024-05-01
16,cart,2024-05-01
68,cart,2024-05-01
66,purchase,2024-05-01
66,view,2024-05-01
46,purchase,2024-05-01
12,cart,2024-05-01
26,view,2024-05-01
42,view,2024-05-01
79,view,2024-05-01
21,view,2024-05-01
44,cart,2024-05-01
39,view,2024-05-01
40,cart,2024-05-01
44,view,2024-05-01
56,purchase,2024-05-01
9,purchase,2024-05-01
78,purchase,2024-05-01
69,view,2024-05-01
61,cart,2024-05-01
23,purchase,2024-05-01
35,purchase,2024-05-01
36,view,2024-05-01
25,cart,2024-05-01
5,view,2024-05-01
59,cart,2024-05-01
1,view,2024-05-01
61,cart,2024-05-01
16,purchase,2024-05-01
51,cart,2024-05-01
27,purchase,2024-05-01
19,view,2024-05-01
74,view,2024-05-01
38,cart,2024-05-01
71,purchase,2024-05-01
16,purchase,2024-05-01
38,view,2024-05-01
28,view,2024-05-01
36,view,2024-05-01
1,cart,2024-05-01
53,cart,2024-05-01
28,cart,2024-05-01
68,view,2024-05-01
17,purchase,2024-05-01
27,purchase,2024-05-01
4,view,2024-05-01
63,cart,2024-05-01
43,cart,2024-05-01
32,cart,2024-05-01
73,purchase,2024-05-01
47,cart,2024-05-01
77,purchase,2024-05-01
59,view,2024-05-01
47,cart,2024-05-01
40,purchase,2024-05-01
16,purchase,2024-05-01
55,purchase,2024-05-01
63,cart,2024-05-01
56,cart,2024-05-01
33,purchase,2024-05-01
1,view,2024-05-01
59,purchase,2024-05-01
4,purchase,2024-05-01
64,cart,2024-05-01
12,purchase,2024-05-01
25,purchase,2024-05-01
17,cart,2024-05-01
43,view,2024-05-01
17,cart,2024-05-01
21,cart,2024-05-01
4,view,2024-05-01
78,cart,2024-05-01
18,view,2024-05-01
16,view,2024-05-01
48,cart,2024-05-01
12,cart,2024-05-01
70,view,2024-05-01
62,view,2024-05-01
28,cart,2024-05-01
32,view,2024-05-01
29,view,2024-05-01
59,view,2024-05-01
33,view,2024-05-01
23,purchase,2024-05-01
54,purchase,2024-05-01
11,cart,2024-05-01
63,cart,2024-05-01
34,cart,2024-05-01
75,view,2024-05-01
21,view,2024-05-01
30,purchase,2024-05-01
69,purchase,2024-05-01
56,purchase,2024-05-01
4,cart,2024-05-01
27,purchase,2024-05-01
2,purchase,2024-05-01
66,purchase,2024-05-01
33,purchase,2024-05-01
19,view,2024-05-01
58,cart,2024-05-01
69,cart,2024-05-01
9,cart,2024-05-01
40,cart,2024-05-01
29,cart,2024-05-01
58,view,2024-05-01
74,cart,2024-05-01
43,purchase,2024-05-01
60,purchase,2024-05-01
25,cart,2024-05-01
46,view,2024-05-01
40,cart,2024-05-01
58,cart,2024-05-01
4,purchase,2024-05-01
19,purchase,2024-05-01
4,view,2024-05-01
78,purchase,2024-05-01
42,view,2024-05-01
39,cart,2024-05-01
38,purchase,2024-05-01
3,view,2024-05-01
66,view,2024-05-01
67,purchase,2024-05-01
2,view,2024-05-01
50,cart,2024-05-01
44,view,2024-05-01
31,view,2024-05-01
39,view,2024-05-01
70,cart,2024-05-01
48,cart,2024-05-01
39,cart,2024-05-01
58,view,2024-05-01
55,cart,2024-05-01
42,view,2024-05-01
66,cart,2024-05-01
45,view,2024-05-01
49,view,2024-05-01
39,view,2024-05-01
47,cart,2024-05-01
49,purchase,2024-05-01
72,purchase,2024-05-01
20,purchase,2024-05-01
29,view,2024-05-01
44,purchase,2024-05-01
27,cart,2024-05-01
54,cart,2024-05-01
66,view,2024-05-01
16,view,2024-05-01
5,purchase,2024-05-01
79,cart,2024-05-01
41,cart,2024-05-01
59,cart,2024-05-01
61,cart,2024-05-01
76,cart,2024-05-01
3,view,2024-05-01
24,purchase,2024-05-01
78,purchase,2024-05-01
36,purchase,2024-05-01
32,cart,2024-05-01
21,purchase,2024-05-01
2,purchase,2024-05-01
4,cart,2024-05-01
77,view,2024-05-01
2,view,2024-05-01
12,cart,2024-05-01
20,purchase,2024-05-01
23,cart,2024-05-01
69,purchase,2024-05-01
26,view,2024-05-01
13,view,2024-05-01
32,cart,2024-05-01
55,view,2024-05-01
36,view,2024-05-01
20,cart,2024-05-01
10,purchase,2024-05-01
6,purchase,2024-05-01
39,view,2024-05-01
16,purchase,2024-05-01
47,view,2024-05-01
54,view,2024-05-01
31,purchase,2024-05-01
40,view,2024-05-01
5,purchase,2024-05-01
44,cart,2024-05-01
15,cart,2024-05-01
36,cart,2024-05-01
9,cart,2024-05-01
22,purchase,2024-05-01
33,purchase,2024-05-01
39,cart,2024-05-01
3,purchase,2024-05-01
73,cart,2024-05-01
34,view,2024-05-01
16,view,2024-05-01
16,view,2024-05-01
58,cart,2024-05-01
35,view,2024-05-01
20,cart,2024-05-01
36,view,2024-05-01
16,purchase,2024-05-01
13,purchase,2024-05-01
26,view,2024-05-01
