order_id,customer_id,amount
1,45,80.59
2,10,216.29
3,55,215.56
4,28,132.33
5,46,143.23
6,26,60.22
7,42,252.07
8,36,113.43
9,30,94.96
10,14,279.31
11,18,98.58
12,56,67.41
13,71,120.9
14,65,159.55
15,48,188.1
16,1,125.54
17,63,208.42
18,72,16.66
19,25,278.71
20,8,143.76
21,18,140.11
22,25,139.55
23,30,89.98
24,39,246.31
25,28,141.33
26,34,37.72
27,30,111.54
28,18,150.66
29,49,114.27
30,58,39.73
31,47,267.76
32,67,53.79
33,13,221.42
34,18,133.07
35,13,153.68
36,14,206.38
37,24,14.92
38,42,151.99
39,17,143.16
40,12,134.39
41,1,10.34
42,75,13.27
43,25,152.06
44,68,142.15
45,49,107.07
46,66,43.74
47,3,115.53
48,33,205.13
49,62,247.68
50,63,231.67
51,17,10.49
52,31,108.2
53,75,151.87
54,37,246.14
55,62,173.74
56,9,242.55
57,54,209.87
58,3,31.01
59,53,294.51
60,53,171.69
61,15,185.06
62,16,85.14
63,20,271.88
64,76,299.51
65,74,109.45
66,45,151.84
67,72,28.35
68,46,231.36
69,48,196.58
70,71,77.73
71,28,250.65
72,24,168.67
73,48,279.39
74,1,247.87
75,28,39.16
76,18,78.82
77,2,256.04
78,37,19.16
79,44,47.82
80,13,276.64
81,45,245.08
82,23,83.96
83,13,108.21
84,59,21.06
85,36,46.77
86,30,13.25
87,75,180.25
88,27,187.07
89,68,51.73
90,19,251.68
91,50,151.37
92,42,183.82
93,14,202.11
94,79,69.53
95,77,243.07
96,14,129.14
97,29,154.43
98,67,46.58
99,8,83.92
100,62,142.05
101,24,220.05
102,48,142.7
103,40,172.51
104,43,229.52
105,23,126.78
106,42,14.6
107,42,172.84
108,9,283.78
109,58,21.0
110,45,144.21
111,38,199.8
112,79,151.82
113,20,40.01
114,58,159.0
115,14,33.14
116,37,30.38
117,71,108.06
118,35,61.43
119,35,156.26
120,69,283.92
121,25,72.36
122,1,296.74
123,4,111.31
124,16,252.33
125,45,161.59
126,76,236.37
127,76,260.94
128,52,254.15
129,24,52.81
130,66,268.45
131,30,44.74
132,43,222.97
133,63,23.27
134,4,97.06
135,42,48.25
136,43,190.27
137,20,101.32
138,50,174.23
139,57,73.35
140,7,125.77
141,75,271.41
142,38,183.25
143,56,151.15
144,75,220.5
145,67,297.83
146,5,106.84
147,41,41.81
148,4,79.86
149,78,55.38
150,9,127.54
151,9,225.23
152,54,232.23
153,31,41.3
154,71,57.0
155,25,114.44
156,13,254.86
157,40,150.31
158,67,166.35
159,48,94.43
160,18,169.47
161,59,185.51
162,43,107.52
163,50,184.44
164,61,228.7
165,58,112.67
166,10,142.23
167,7,47.79
168,38,85.23
169,32,21.79
170,69,26.33
171,17,34.43
172,29,270.3
173,17,222.38
174,63,179.78
175,27,241.51
176,36,61.03
177,61,112.04
178,75,178.75
179,11,257.98
180,32,166.71
181,63,46.42
182,65,22.86
183,64,20.17
184,6,229.29
185,53,269.37
186,27,52.14
187,17,244.88
188,12,22.13
189,78,252.18
190,32,213.66
191,55,147.28
192,33,148.39
193,74,73.65
194,20,279.9
195,70,88.92
196,34,86.76
197,67,233.66
198,54,177.3
199,52,159.84
200,46,175.57
